step,y0,y1,u,cycle_ms,w_sum,accept_num,x_hat_0,x_hat_1,x_hat_2,x_hat_3
0,0.35588354278946877,-0.012271846303085088,1.1043135820672199,25.9981,240,240,0.34469781521725074,-0.0056334691039505586,4.052863304928455,0.0005941709960002317
1,0.16260196351587797,-0.05829126993965428,1.0009648795511399,29.6378,240,240,0.16667152809750557,-0.05955097895253952,1.846220688653347,0.1869042140277648
2,-0.2055534255766759,-0.2822524649709579,5.144678708384747,24.8318,240,240,-0.20779200141945725,-0.2770437230512617,-2.961419528896469,-2.422741011081653
3,-0.6933593161243098,-0.6074563920027138,8.989955805481054,25.8637,240,240,-0.6994564426477816,-0.5985375460649089,-4.8524738367019395,-2.9380392816669154
4,-1.1504855909142309,-0.8927768185494429,10.338367759159597,23.4831,240,240,-1.1564342044467497,-0.8842932737526024,-2.876135706315239,-0.5781433790143318
5,-1.5063691337036997,-1.116738013580747,10.939740637589226,24.7317,240,240,-1.5130591883886484,-1.1080602079637791,0.5041130717907336,2.1117713047401203
6,-1.7548740213411735,-1.3192234775816516,12.156774577454893,23.8664,240,240,-1.7644874049718065,-1.3083907930190102,4.309408383421662,4.054765698853232
7,-1.8960002538266525,-1.5309128263098701,14.046004898841307,21.3081,240,240,-1.9097116596247703,-1.5168230044361417,9.020604271891678,5.6683253235714
8,-1.9266798695843652,-1.782485675523115,16.83393328458291,31.5477,240,240,-1.9458576893916324,-1.7638146836159279,14.988138669835084,7.193043469296162
9,-1.8223691760081417,-2.12916533358527,21.3594575535877,34.0801,240,240,-1.8506532560124072,-2.1027715541270697,22.759952183530327,8.55954477334691
10,-1.521708941582556,-2.7151459945575844,30.350530957510397,28.9085,240,240,-1.569265554363643,-2.672530970135206,33.51616816478224,9.041429468849408
11,-0.8958447801252144,2.5494760694659355,-110.27414680755459,32.3475,240,240,-0.5887981676298999,2.291908482043835,76.10055561670256,95.73465065957446
12,-0.21168934872821848,1.7794177139473437,-2.088366006056164,29.0882,240,240,-0.2956597694919361,1.8504040892506992,-43.49213869035465,-29.207161491668444
13,0.3650874275167826,1.1412817061869172,6.380629365013477,36.028,240,240,0.3093142642363418,1.1765241705676197,-24.508230233007215,-25.113241913912937
14,0.5645049299419159,0.14419419406125034,18.30568503902182,36.4348,240,240,0.5051847767078302,0.18925241366015289,-9.695684703752427,-21.712110755295768
15,0.8406214717613314,-0.8713010875190443,26.041357393569232,28.8469,240,240,0.7796959236314922,-0.822347404575391,11.229384085429142,-12.629991603809563
16,1.6904468282499765,-1.31615551600588,20.174534522666544,18.4435,240,240,1.6482374642616546,-1.2838102056761325,40.58170573559443,5.057550974054813
17,2.356194490192345,-1.7027186745530614,21.210518285057745,29.6942,240,240,2.322806036842831,-1.6721774139518661,53.45425527716319,11.615474295222292
18,2.356194490192345,-2.1659808724945258,24.294876825268354,20.4832,240,240,2.337818254695496,-2.140739939078731,54.957570176951336,14.424262955220188
19,2.356194490192345,-2.7765052260730103,30.949126045323883,27.9644,240,240,2.3268486392989356,-2.7414661670953486,56.999293654209666,15.441041663325334
20,2.356194490192345,2.6906023019514143,-116.09620579320408,17.8569,240,240,2.7007976158285523,2.4101494937207932,87.63643747963901,103.29370101476302
21,2.356194490192345,1.8223691760081415,-2.41610621011582,25.9737,240,240,2.287810174672855,1.8872460580040349,-48.884537062316035,-29.91543931431064
22,2.356194490192345,1.0492428589137788,8.10328758002755,17.4741,240,240,2.3075619762328463,1.0822648025589117,-36.17946453475149,-27.80852285448618
23,2.356194490192345,-0.6166602767300269,35.0928467473363,23.8673,240,240,2.2578392997100094,-0.5386842331696438,-22.159162493316458,-31.72017299869529
24,2.356194490192345,-1.420466209582104,26.03796813612449,19.6945,240,240,2.314215551120596,-1.3863293433382067,14.321584987479964,-5.08394718010471
25,2.356194490192345,-2.0586022173425302,26.57364532517722,23.6899,240,240,2.322102845991939,-2.0258712852783223,30.43362640965119,5.403916759383701
26,2.356194490192345,-2.8163887265580367,33.93108344491522,24.4548,240,240,2.3126540838140697,-2.7731423634450247,40.632102110637334,9.306995378368667
27,2.356194490192345,2.604699377829819,-114.63029533354867,28.2888,240,240,2.69412607416803,2.3274292763508724,78.0786838649718,100.69723558121463
28,2.356194490192345,1.6321555583103216,0.7556165459002874,23.8915,240,240,2.2782887006087558,1.7036221062581731,-55.260131677952074,-32.27271324205823
29,2.356194490192345,0.4540583132141496,19.600011289665837,30.2211,240,240,2.2803433005176688,0.5092421289531064,-39.92439771092978,-33.012879638707794
30,2.356194490192345,-1.349903093339364,43.04345787831341,17.7345,240,240,2.2486961876405687,-1.2641309022301777,-15.568668826787611,-29.461662706496135
31,2.356194490192345,-2.2794954507980627,34.35799321929854,26.0755,240,240,2.305592569279737,-2.236560692179076,24.611107731212616,-0.9110018328936427
32,2.356194490192345,2.914563496982719,-112.66551475092407,26.2437,240,240,2.681877602733675,2.6452053245074705,67.21388117978263,92.71237034754408
33,2.356194490192345,1.721126444007691,4.301632173662597,27.2345,240,240,2.265952348433799,1.8014426573780935,-61.30509321895781,-38.131488953355074
34,2.356194490192345,0.19328157927359157,27.884526838512365,18.6152,240,240,2.260093902749819,0.26485954584061333,-41.931236750185,-38.54693741128599
35,2.356194490192345,-1.6382914814618665,45.868549032257675,25.6431,240,240,2.248747047338122,-1.5523731122611124,-9.482800407242436,-27.464348451451645
36,2.356194490192345,-2.914563496982719,45.00875953173883,17.7418,240,240,2.284879219748354,-2.852966043647268,29.77874960449646,-2.798733050494132
37,2.356194490192345,1.9205439464328222,-98.94721806900424,22.6101,240,240,2.6609538072218,1.6703258999396016,78.63123549697724,93.44233735387184
38,2.356194490192345,0.31293208072867174,21.856983029865425,24.215,240,240,2.241713141919111,0.41637063515635075,-43.40876144341964,-34.896933074195076
39,2.356194490192345,-1.721126444007691,50.69225803303969,25.3207,240,240,2.230077511094117,-1.620295034611196,-16.894279329225093,-32.94707942682624
40,2.356194490192345,3.074097498922825,-105.44566017336886,25.5227,240,240,2.659897506091216,2.81769493664876,53.11320668873658,80.65275805009435
41,2.356194490192345,1.5339807878856426,12.106984972093613,29.661,240,240,2.246907478094083,1.628653909498751,-65.39098634176347,-44.51234235703684
42,2.356194490192345,-0.9510680884890981,53.3242750678244,26.1253,240,240,2.2026532425210137,-0.8310809831688857,-41.38394769368352,-50.07116509618792
43,2.356194490192345,-2.552544031041709,49.021361071279344,31.2245,240,240,2.2665405970811294,-2.4800625814908455,14.42559599591375,-14.39885015620759
44,2.356194490192345,1.810097329705055,-89.4508011634884,25.6204,240,240,2.6337277195221813,1.5807480643701761,70.4682061701378,83.55894957595866
45,2.356194490192345,-0.7332428166093372,46.39450611524799,16.4795,240,240,2.1861519447218862,-0.583530671384394,-43.84217518505727,-46.87041983429026
46,2.356194490192345,-2.3899420675258263,49.45293126493297,29.2337,240,240,2.2572497819014017,-2.3106756285717953,6.236276370614214,-18.593728820547454
47,2.356194490192345,2.0217866784332763,-91.70334817982454,15.8853,240,240,2.635969864774447,1.7892427745904285,65.49783029994225,82.1743533203244
48,2.356194490192345,-0.20862138715244427,37.052126643309265,25.2448,240,240,2.204904235367798,-0.07568625682092112,-47.985909154101165,-44.75790468721076
49,2.356194490192345,-2.123029410433727,51.909542163068494,29.5708,240,240,2.2399655127741154,-2.030360746076106,-5.869076205160831,-26.902860606187165
50,2.356194490192345,2.282563412373836,-93.11358293187368,19.4419,240,240,2.6360214166552987,2.048192850445901,59.78189414748136,79.25835634530021
51,2.356194490192345,0.4325825821837519,25.73663532201724,31.2636,240,240,2.2287415995486857,0.5443900630490686,-51.40660313619391,-41.86975350083234
52,2.356194490192345,-1.966563370069391,59.12652246609778,19.1647,240,240,2.2089500244775175,-1.8488747554472638,-20.00359073514103,-39.06771961186379
53,2.356194490192345,2.3500585670408007,-91.48386814488966,26.5128,240,240,2.631996950170321,2.117269833394369,56.77703978068446,76.21688285323042
54,2.356194490192345,0.39269908169872636,27.998208800706195,26.8847,240,240,2.223184381969197,0.5088534993917344,-52.2215679031664,-43.80287317126729
55,2.356194490192345,-2.052466294190989,60.67595922128272,23.7048,240,240,2.2068892165326104,-1.933019387536173,-18.60023429999257,-39.230767215804164
56,2.356194490192345,2.169048834070299,-88.49833658195219,25.626,240,240,2.626616337071683,1.9411324927814717,58.76913723946822,75.85128766800591
57,2.3531265286165737,-0.24543692606170353,40.73842592556198,18.7026,240,240,2.1924468282970158,-0.10536827217887135,-50.077904039340694,-48.39123577847749
58,2.356194490192345,-2.300971181828462,55.846703809562015,18.2649,240,240,2.2325040999055585,-2.2021099052381223,-4.297548683130463,-28.312709017041268
59,2.356194490192345,1.9450876390389915,-87.7958326779695,29.606,240,240,2.627235684431836,1.7186412237241804,63.81260716609496,78.87889426323757
60,2.356194490192345,-0.7025632008516247,48.13140622584504,17.5757,240,240,2.18037090013977,-0.5488966941855313,-47.14826630518539,-49.6694562664811
61,2.356194490192345,-2.5034566458293703,52.91706177134251,23.8725,240,240,2.248780553757094,-2.4174411068524613,5.057509525735399,-20.929294393247318
62,2.356194490192345,1.853048791765854,-89.39468469747317,28.7067,240,240,2.633134943541708,1.6229259976084194,67.5977332309123,82.37609892007046
63,2.356194490192345,-0.7823302018216829,48.35824160610129,26.2669,240,240,2.180168776872004,-0.6280055020918285,-46.18584106463261,-48.76394097685433
64,2.356194490192345,-2.4881168379505034,51.108339157057806,24.5434,240,240,2.254152998835432,-2.406490204370993,6.14760663351551,-19.08442655923901
65,2.356194490192345,1.9542915237663046,-91.73523145646634,18.6716,240,240,2.6378276263854126,1.7202614372732925,66.94170372377886,83.34031623602186
66,2.356194490192345,-0.521553467881116,43.61257391463245,25.1807,240,240,2.189431080034662,-0.3753096521310906,-48.13106785940968,-47.57291437220707
67,2.356194490192345,-2.291767297101142,50.73241028331099,19.5358,240,240,2.2494084484984933,-2.20672251116385,0.3678015766885041,-22.33164240085463
68,2.356194490192345,2.1813206803733856,-93.80146015551009,22.3141,240,240,2.6397149193002947,1.9447508540868332,62.969183188514776,81.81804855681747
69,2.356194490192345,0.12271846303084644,31.59451471133154,24.7839,240,240,2.215236545629317,0.2463971327076231,-50.86621744272763,-43.898515208450554
70,2.356194490192345,-2.080077948372935,56.60665177906877,15.0497,240,240,2.2214304080049887,-1.9725178665777343,-13.755024309972232,-33.82800835771811
71,2.356194490192345,2.350058567040808,-93.72622201076453,28.6031,240,240,2.6383064125277222,2.112779245822101,58.948960086091795,78.90868608147468
72,2.356194490192345,0.44178646691105783,26.67525881120383,28.3637,240,240,2.22539903755905,0.5562667928318192,-52.698298123190156,-43.18786151591138
73,2.356194490192345,-2.0309905631605822,60.961653339086325,17.5879,240,240,2.204661804559388,-1.909823358474605,-20.26971374663244,-40.1639696158076
74,2.356194490192345,2.297903220252689,-91.25670738854902,18.9422,240,240,2.633119196438258,2.064235931664928,58.31012207713831,76.9813655332843
75,2.356194490192345,0.12271846303084644,33.74623168951494,15.9302,240,240,2.209784233062678,0.2504632657901107,-51.87473106967202,-46.23506638863298
76,2.356194490192345,-2.1905245651006915,59.46928481193839,17.0401,240,240,2.215742225018118,-2.0781699806365395,-12.741941972809574,-35.107203975197336
77,2.356194490192345,2.098485717827561,-89.32422871846062,17.6654,240,240,2.6305349137702523,1.8681192799060362,61.74299095909643,78.17629967018908
78,2.356194490192345,-0.47246608266878454,45.04699032197762,18.1226,240,240,2.1853138398601493,-0.3233815680718548,-49.503718290022746,-49.87066421613174
79,2.356194490192345,-2.405281875404679,54.530721988376804,17.4899,240,240,2.2404907137874037,-2.3128112074259404,0.3167527336195226,-24.748953356332684
80,2.356194490192345,1.948155600614765,-89.86307521859682,25.0506,240,240,2.6334818278285845,1.717084821165825,66.00665408996053,81.37527237673213
81,2.356194490192345,-0.7179030087304774,48.45580258897999,29.3917,240,240,2.1786052602408805,-0.5625263026894336,-47.69106696554936,-49.94996792890639
82,2.356194490192345,-2.4973207226778307,52.520546644780815,19.756,240,240,2.249900723177166,-2.4123272028077176,5.028772851623644,-20.6185605130703
83,2.356194490192345,1.9481556006147578,-91.69064128480882,19.6477,240,240,2.638457953781376,1.7135030358063998,67.53976927840444,83.49536551756
84,2.356194490192345,-0.6381360077604334,46.39576796481809,29.8194,240,240,2.1828130855778087,-0.4861943034760947,-48.097981949959774,-48.95737432130605
85,2.356194490192345,-2.3991459522531464,51.43835590963409,18.5242,240,240,2.2504505214493724,-2.3148112967505723,2.930474139639326,-21.181179090221846
86,2.356194490192345,2.107689602554867,-93.9025340453599,31.0318,240,240,2.641941288744656,1.8696902189056752,65.40816471275974,83.33928055467533
87,2.356194490192345,-0.2055534255766709,38.39559778285534,15.3541,240,240,2.199378805069201,-0.06808736251327296,-50.38679636727801,-46.67058592283804
88,2.356194490192345,-2.202796411403785,54.037210666947395,27.4424,240,240,2.2348888996196528,-2.1061416353352618,-6.6010829603618095,-28.229000643287506
89,2.356194490192345,2.300971181828462,-94.92983320383314,17.9928,240,240,2.6423477291749147,2.0612639745055916,61.55938644198109,81.2377325555597
90,2.356194490192345,0.3221359654559741,28.71395857485385,15.5999,240,240,2.2204697471168284,0.4411142700775854,-52.40493698468241,-43.74614660128978
91,2.356194490192345,-2.0770099867971474,60.03912925632507,26.4938,240,240,2.2092073260777236,-1.9595262180190383,-18.02802631942401,-38.2117793510952
92,2.356194490192345,2.3500585670408007,-93.47383680065113,17.7675,240,240,2.6388698840413487,2.111829592545709,59.28266361041466,78.75132988258972
93,2.356194490192345,0.30372819600136935,30.083110205944443,25.4896,240,240,2.2172395492769774,0.42518666218266077,-52.74765424591617,-44.95978217806388
94,2.356194490192345,-2.1322332951610328,61.1510056769098,18.3046,240,240,2.207548377544809,-2.0133110757427906,-17.082967991026567,-38.44095849620421
95,2.356194490192345,2.2242721424341774,-91.26740345518928,24.9576,240,240,2.634937892373653,1.989589661572639,60.67899693502655,78.39895771637377
96,2.356194490192345,-0.19328157927359868,40.258417334254254,26.7015,240,240,2.194703287171059,-0.05241255621782104,-51.3048043074823,-48.83446805776429
97,2.356194490192345,-2.3132430281315344,57.10727145368385,17.918,240,240,2.228418209239919,-2.2111342154107785,-5.828832138280791,-29.76035326321927
98,2.356194490192345,2.0555342557667693,-90.67887627640752,16.9641,240,240,2.634990785482804,1.8223632219746482,64.41139920975827,80.59106899001716
99,2.356194490192345,-0.5829126993965481,46.963854120699274,15.3435,240,240,2.1805768258388714,-0.4294921904675917,-49.290815743700975,-50.4350073988713
100,2.356194490192345,-2.457437222192784,53.93727297947953,34.0225,240,240,2.244085724612471,-2.3678662043444847,2.340731391051915,-23.085221238751057
101,2.356194490192345,1.9880391010997904,-91.85441917253073,19.2154,240,240,2.638905120072709,1.752668877517447,67.11033508568127,83.12179187464506
102,2.356194490192345,-0.6504078540634985,47.3967386157902,20.9292,240,240,2.179826538120721,-0.4960112583409879,-48.67705549208194,-49.927445061390856
103,2.356194490192345,-2.448233337465492,52.48572495102785,26.9983,240,240,2.2484741978853786,-2.3622582029138592,3.34285778999208,-21.54579488650087
104,2.356194490192345,2.070874063645615,-93.82516252028039,31.0129,240,240,2.6429765420922373,1.8321300092666521,66.6888386165469,83.99077071511381
105,2.356194490192345,-0.4049709280018057,42.701036033571235,31.3997,240,240,2.1893940182405864,-0.258852638626899,-50.11199305582241,-48.50330978377255
106,2.356194490192345,-2.3040391434042284,53.1564981542691,15.4986,240,240,2.2414997788671593,-2.2126761368806402,-2.1970619735418353,-25.14461229530762
107,2.356194490192345,2.239611950313037,-95.33927804901558,24.6674,240,240,2.6446221128218212,1.9986331512794493,63.784516678735386,82.86102319234712
108,2.356194490192345,0.11044661672777423,32.84134204349671,16.0689,240,240,2.2108833030988793,0.23785217245255463,-51.944043596034916,-45.244881100727326
109,2.356194490192345,-2.150641064615666,58.239398185018715,29.3572,240,240,2.21809494013997,-2.0403596667604145,-13.54398863009714,-34.54835581659317
110,2.356194490192345,2.350058567040815,-94.9475451475453,16.5716,240,240,2.6430065620661596,2.108939689139168,60.843485496224616,80.54420133341043
111,2.356194490192345,0.337475773334841,29.190414378001698,26.2729,240,240,2.2188311579022906,0.4577400308161579,-52.95366991024914,-44.518626568283466
112,2.356194490192345,-2.1291653335852807,61.65277205329709,32.7571,240,240,2.205340710825135,-2.0084672316711565,-18.169333285663026,-39.21382169304937
113,2.356194490192345,2.2518837966161165,-91.89015082094987,15.73,240,240,2.636421432849731,2.0158018067495624,60.48994672801308,78.63127811391101
114,2.356194490192345,-0.16260196351586487,39.99728268789751,16.9016,240,240,2.19478229209038,-0.021866532708515685,-51.98947538273566,-49.07134408707552
115,2.356194490192345,-2.3653983749196605,58.928499819171684,16.4667,240,240,2.2232218006771305,-2.2590200382631123,-6.845741133473533,-31.18516542120739
116,2.356194490192345,1.9266798695843725,-88.32039433312644,18.8507,240,240,2.6304800339161023,1.6972682560873675,65.0567563437416,79.92163456524361
117,2.356194490192345,-0.9203884727313927,53.16351743988597,15.8648,240,240,2.1679769797704593,-0.7560699757477649,-47.61815997873799,-52.181092118465784
118,2.356194490192345,-2.844000380739974,57.67364041453745,26.4938,240,240,2.2417269897929613,-2.7518008327615515,8.716117687945001,-20.802084142969612
119,2.356194490192345,1.5401167110371894,-87.596322386643,20.1539,240,240,2.6353276018522123,1.3090059073463487,74.26884843118822,85.78044077041028
120,2.356194490192345,-1.285475900248155,55.23780803243031,24.795,240,240,2.1682758552474866,-1.1199315005969694,-41.08089341596537,-48.50944022461101
121,2.356194490192345,-3.123184884135167,58.09081787389011,24.8183,240,240,2.2463264781649572,-3.033733325567634,14.954633789092437,-16.53605213626411
122,2.356194490192345,1.3836506706728464,-88.79577559820854,16.304,240,240,2.642055833056696,1.1478523039240005,78.98508731194808,89.84880834026232
123,2.356194490192345,-1.37137882436976,54.440428215281436,36.4451,240,240,2.1716085857958243,-1.2079901995526203,-38.98834047511174,-46.27223274750109
124,2.356194490192345,3.141592653589786,-99.61582394653111,19.6733,240,240,2.63827641772598,2.8999172534260023,40.71644606681595,71.35205503553823
125,2.356194490192345,1.432738055885185,16.129899495669616,33.6075,240,240,2.237025510073715,1.534153139405858,-69.1623624779084,-48.10642126994702
126,2.356194490192345,-1.2363885150358236,58.73241297472935,17.7904,240,240,2.1916351027799106,-1.1074327485766329,-41.14595037396523,-51.99398714454141
127,2.356194490192345,-2.905359612255406,52.85091114627766,15.9911,240,240,2.2627540880499377,-2.8293156622462416,18.994320616715804,-12.996962793147333
128,2.356194490192345,1.6751070203711116,-92.38485634476957,25.6515,240,240,2.647247838231141,1.4352786170677065,77.58247781177113,89.62936691528292
129,2.356194490192345,-0.8283496254582339,46.11263170227116,15.8783,240,240,2.1876265939846964,-0.6789354339148619,-41.80040914760596,-45.05165685568237
130,2.356194490192345,-2.420621683283546,48.494984439044664,30.429,240,240,2.260542687438055,-2.343849162482101,7.445973066866811,-17.02717438944012
131,2.356194490192345,2.1230294104337197,-94.82173125888427,16.3889,240,240,2.643549313175732,1.8842043743072945,65.84832987786837,84.14628284585257
132,2.356194490192345,0.4908738521234177,21.30571031495223,28.5874,240,240,2.2411455572840326,0.5930315098503156,-48.23405424199662,-37.49342050902919
133,2.356194490192345,-1.782485675523116,55.38278768396581,26.0614,240,240,2.215541193058007,-1.6701434464225215,-21.49536310262844,-37.89995146386621
134,2.356194490192345,2.859340188618841,-100.95425178022695,17.4956,240,240,2.651215766451126,2.6098302288944186,53.68802201552302,78.89331678855537
135,2.356194490192345,1.4051264017032388,11.613856104367404,33.3874,240,240,2.2529643286666676,1.4950465649620865,-60.68238521823811,-41.41885990636747
136,2.356194490192345,-1.0062913968529763,52.25229475890652,15.3832,240,240,2.207057891416939,-0.8893052551184178,-38.484769310706056,-47.738128633885395
137,2.356194490192345,-2.4083498369804666,44.40097256917298,31.1455,240,240,2.2784890825962574,-2.3455819997567477,16.12220392141554,-11.141022567942189
138,2.356194490192345,2.2518837966161165,-98.06545732198924,19.1654,240,240,2.651335836441161,2.007637716541837,68.6225158318678,86.45124592656713
139,2.356194490192345,0.9357282806102525,12.4324310500692,16.9182,240,240,2.2608623026383716,1.021461917709769,-47.81338471549614,-33.878160068310734
140,2.356194490192345,-1.386718632248627,53.24194359428473,23.2841,240,240,2.2119799326278655,-1.2718213439531785,-29.102130985093037,-42.141580410898136
141,2.356194490192345,-2.761165418194164,46.280584685939694,18.1799,240,240,2.279513268896586,-2.6977328236240394,23.09669733265256,-7.302184243531595
142,2.356194490192345,2.009514832130204,-98.38246143838867,22.2318,240,240,2.657598100776001,1.7611756787466906,75.12384819138624,91.05345677451724
143,2.356194490192345,0.7056311624274052,13.729259200683147,21.4981,240,240,2.2608030049156915,0.7924148463591756,-43.97692103787388,-31.597240604197815
144,2.356194490192345,-1.4634176716429046,51.00755716101922,18.9695,240,240,2.2208719886520036,-1.3553674376479656,-24.999210814180422,-38.12348765345443
145,2.356194490192345,-2.7795731876487686,45.208839420435304,34.397,240,240,2.28217407448829,-2.7178815999098935,23.86261941343773,-5.877908819697719
146,2.356194490192345,2.0493983326152154,-99.73700546150256,17.8191,240,240,2.6604862647495358,1.7986620472249686,74.77576351522636,91.84748099699311
147,2.356194490192345,0.8713010875190328,10.258297539600553,28.6691,240,240,2.2680140603262835,0.9518456017403485,-45.005948361032964,-30.35038877671108
148,2.356194490192345,-1.2885438618239498,49.48392173160641,31.3506,240,240,2.220739268190066,-1.1807550567138927,-28.786161606206562,-39.54950971690832
149,2.356194490192345,-2.472777030071665,40.7160256764638,17.7763,240,240,2.2900441579094037,-2.4184363248059544,20.536232691414458,-5.791060126352212
150,2.356194490192345,2.3592624517681138,-102.10305799692654,18.9126,240,240,2.66020229467115,2.107974860503645,68.6305680364496,89.136575354133
151,2.356194490192345,1.267068130793529,5.972034316475072,20.0284,240,240,2.273260497338835,1.3420606966431545,-50.72589519845554,-32.05538615531485
152,2.356194490192345,-0.7884661249732297,44.06195015534161,23.3177,240,240,2.2270810221074293,-0.6871935587448302,-35.82958407049928,-41.638574197945104
153,2.356194490192345,-1.9297478311601601,36.054439149596,35.6416,240,240,2.292549492504764,-1.878957281170604,11.417753157029619,-9.613971797590125
154,2.356194490192345,3.018874190558936,-108.8124982927133,34.9208,240,240,2.6675398601140534,2.7596672715604535,59.17097621142102,85.90934802211169
155,2.356194490192345,1.800893444977735,4.3844913199772995,33.4102,240,240,2.265540473700195,1.8805283660368157,-63.15293184390008,-39.549591423102
156,2.356194490192345,0.702563200851646,16.62314426885548,19.0752,240,240,2.2871657635975646,0.7509796778174496,-41.285193390025185,-33.26731239707929
157,2.356194490192345,-1.2486603613388887,44.896557983039855,33.937,240,240,2.2402201425356423,-1.1560898235459094,-19.472883844049353,-33.336089671233026
158,2.356194490192345,-2.27335952764653,36.15767028803876,17.7095,240,240,2.3006848250606673,-2.226776921809682,23.537199167791073,-2.9864793167447203
159,2.356194490192345,2.6691265709210334,-106.3561257296297,30.2158,240,240,2.6672496881787113,2.412086030210916,67.27561779864172,89.38810056855039
160,2.356194490192345,1.610679827279906,2.8870628355915784,20.171,240,240,2.275603043378635,1.6832287682215654,-54.998345452606486,-34.005919011028936
161,2.356194490192345,0.4448544284868454,19.475424321598897,18.8489,240,240,2.282565141847524,0.49836123630814255,-37.577710651058766,-32.24266711517724
162,2.356194490192345,-1.303883669702774,41.72137951468455,29.556,240,240,2.252761592165965,-1.2211718791271804,-13.749072845946088,-28.277669688190077
163,2.356194490192345,-2.2672236044949763,34.81321029263685,17.5511,240,240,2.303768806407763,-2.2225314852546747,24.627396165264393,-1.5125989071584147
164,2.356194490192345,2.730485802436437,-107.81356168600705,27.4549,240,240,2.670137403099771,2.471084948591635,66.95885574696989,90.02640949906117
165,2.356194490192345,1.7057866361288525,1.5791717950168898,19.4073,240,240,2.277318191690389,1.77674395936798,-56.40603441628474,-34.14615060381237
166,2.356194490192345,0.7577865092154816,13.350190026309113,16.8446,240,240,2.295784058425782,0.7998133264340334,-38.81213550884529,-30.150827785375196
167,2.356194490192345,-1.0553787820653433,40.91532713018741,16.4815,240,240,2.2480101866690525,-0.9692083630002367,-20.253879527697556,-31.894535999708054
168,2.356194490192345,-1.9358837543116856,31.116379431767875,17.9493,240,240,2.308947565335813,-1.8966555130805598,20.044508585429607,-2.7714807088161564
169,2.356194490192345,-3.064893614195494,42.45396925226636,17.7497,240,240,2.291121878372548,-3.0047709493713466,36.3663031029079,2.8651046884792244
170,2.356194490192345,2.083145909948694,-105.75967928780082,18.114,240,240,2.678626463580245,1.818824752423208,81.7694918231092,98.92193161240274
171,2.356194490192345,1.2701360923693237,0.6596189182259443,18.0123,240,240,2.2893159978452804,1.3334032720146258,-44.38495779346627,-25.454730449793022
172,2.337786720737717,-0.16873788666744716,28.37514006849505,41.3264,240,240,2.2459233474504856,-0.09814569702326081,-34.27536898766079,-33.125699230729964
173,2.356194490192345,-1.383650670672825,33.00773429155945,29.7713,240,240,2.284917523356,-1.3272486694503218,-1.693505130750061,-16.041499567525626
174,2.356194490192345,-2.227340104009972,31.86470954203735,24.5361,240,240,2.3088538970215886,-2.185561486400324,24.906170809955416,0.9490039793918239
175,2.356194490192345,2.8685440733461327,-110.59820810468491,26.426,240,240,2.674588399288689,2.6052155948026776,64.67215053163349,90.64646694807044
176,2.356194490192345,1.8745245227962677,-0.2683864018343538,16.7326,240,240,2.2781521047084006,1.9442358466931822,-60.428725186238196,-35.235193383350165
177,2.356194490192345,1.0983302441260925,7.883707977917231,18.9566,240,240,2.3057830989914967,1.1311465555834856,-42.51215806355346,-29.58404402084344
178,2.356194490192345,-0.5031456984265184,33.11418563245708,31.204,240,240,2.2602604227923373,-0.42824464350947733,-26.74618547762702,-32.12835910981368
179,2.356194490192345,-1.4848934026733183,29.571651414824448,37.3421,240,240,2.3017409972497895,-1.4410664262363366,8.481822975765319,-9.157742599605317
180,2.356194490192345,-2.3163109897073433,32.02959796267131,34.027,240,240,2.309726848220388,-2.2738461729771386,28.72060506549805,2.676210961776132
181,2.356194490192345,2.822524649709603,-111.05581107680743,30.7331,240,240,2.677450755889319,2.5573835039471504,67.61069073632335,92.2789108096429
182,2.356194490192345,1.8898643306751204,-1.4818755864140152,21.4502,240,240,2.2820983287472565,1.9566778783234713,-58.59065558694539,-33.79440767022382
183,2.356194490192345,1.1780972450961507,6.103155292633129,18.0061,240,240,2.309740870667688,1.2077873230776648,-42.07618247821661,-28.67503103085229
184,2.337786720737717,-0.14419419406127432,25.504804663412763,30.0106,240,240,2.259542430561253,-0.08414189637357505,-27.097435989144095,-28.920678566261866
185,2.356194490192345,-1.2793399770966154,30.674201963461016,37.5854,240,240,2.2908373233014654,-1.2269427331460503,1.1104912899288957,-14.32360858814508
186,2.356194490192345,-2.0033789089786502,28.10243100944287,33.9547,240,240,2.3167652171603406,-1.9679785416192346,25.42407415501606,2.161525501793493
187,2.356194490192345,-2.982058651649684,39.080205447745136,29.4959,240,240,2.2991098118873547,-2.9280521490287903,37.72087097479002,5.5145994109680245
188,2.356194490192345,2.264155642919196,-108.9228597136712,17.6523,240,240,2.6838136093108593,1.9954499311009535,79.9735823846097,99.49242834099674
189,2.356194490192345,1.5431846726129272,-2.967810830758455,19.0559,240,240,2.294379264202396,1.6016899780161664,-48.04468967018369,-25.90664058903698
190,2.356194490192345,0.8099418560035936,8.846005680416797,25.6431,240,240,2.3069633572596215,0.8435443342711169,-36.8714898749009,-25.92521488181963
191,2.356194490192345,-0.7025632008516247,32.887460525100074,32.992,240,240,2.26481076764628,-0.63058406397139,-22.061887510330717,-28.53598485306173
192,2.356194490192345,-1.478757479521743,25.786198091078543,32.2074,240,240,2.3135766852557973,-1.444222235688447,11.953964546003185,-4.708148916174457
193,2.356194490192345,-2.1874566035249465,28.714181478245543,21.7182,240,240,2.316064963888776,-2.1500362631361023,27.934046085889115,4.234426781441638
194,2.356194490192345,3.104777114680541,-115.875920144794,17.8438,240,240,2.685918230364013,2.8321402924159425,64.63261221152605,93.04421139579829
195,2.356194490192345,2.169048834070292,-3.525396067013571,18.3223,240,240,2.2809917037262846,2.2360327116217205,-64.90740685520659,-36.49506601128786
196,2.356194490192345,1.5217089415825278,2.5751111345283126,31.2332,240,240,2.3134324849929166,1.5471494598166038,-47.77491596404761,-30.50227073073423
197,2.356194490192345,0.8651651643675216,6.503988737991668,35.1158,240,240,2.318366874205245,0.8897907418581514,-31.06305563288292,-22.896666220492587
198,2.356194490192345,-0.500077736850745,28.665742188719598,34.9043,240,240,2.2751485988406595,-0.4360206652613061,-19.37815222943908,-26.150304791664958
199,2.356194490192345,-1.306951631278583,25.011027517504882,30.3159,240,240,2.312107636452018,-1.27099139473646,10.14720244349471,-6.378195120600791
200,2.356194490192345,-1.9236119080085707,25.2743313714336,19.3105,240,240,2.3225255914917113,-1.8919819893111494,26.702654511378345,4.256187374855129
201,2.356194490192345,-2.7304858024364655,34.17965783503203,18.4262,240,240,2.3090972718999754,-2.684904909051311,36.7228770714602,7.159929050797752
202,2.356194490192345,2.549476069465957,-111.65736138924397,38.5974,240,240,2.6852481699656554,2.2791045340706035,75.11101217434177,97.74862590117418
203,2.356194490192345,1.846912868614286,-5.458740539321179,37.5544,240,240,2.295303701777253,1.9037000528071568,-53.52766719144306,-28.26233633156353
204,2.356194490192345,1.2946797849755036,2.2217931711612997,32.3041,240,240,2.3182051523267377,1.3177634199565282,-41.86857262625895,-26.192558896324567
205,2.356194490192345,0.6013204688511884,8.92363823685402,32.5305,240,240,2.3151105423589255,0.6295935445225751,-27.84606788597631,-21.49079760232912
206,2.356194490192345,-0.6780195082454519,28.428049428847647,23.6519,240,240,2.28001612319021,-0.6174394381988366,-14.956205803303025,-22.82725359362247
207,2.356194490192345,-1.3376312470362812,22.471624210649722,19.8691,240,240,2.320519318572462,-1.3081031762656652,13.239838107203877,-2.8428825316568798
208,2.356194490192345,-1.8990682154024192,23.973283242615423,34.5842,240,240,2.3249685513270935,-1.8691756966748057,26.53368235381526,5.188903711547654
209,2.356194490192345,-2.6261751088602203,31.978470153124185,36.4746,240,240,2.3133550795939444,-2.5843100829665935,35.658081539861655,7.854777985717574
210,2.356194490192345,2.6906023019513974,-113.37711484557776,23.6993,240,240,2.6869357042358266,2.4184989155281773,72.52214135369076,97.19465549903319
211,2.356194490192345,1.984971139524017,-6.380571719061963,26.1754,240,240,2.2947325557917915,2.0417243707637542,-56.805206100643844,-29.700060613660483
212,2.356194490192345,1.4664856332186638,0.40723865852622443,17.5343,240,240,2.3201604136531673,1.4873412531222945,-44.70718519653395,-27.06126026509641
213,2.356194490192345,0.9480001269133105,3.3172840472574006,21.0645,240,240,2.3257939866018105,0.9666842607059538,-30.607163404755237,-20.668789616580177
214,2.3408546823134886,0.01533980787888467,17.179870230312094,42.5845,240,240,2.2860357817996646,0.05721364633240267,-20.504486093045763,-21.12744863048439
215,2.356194490192345,-0.9295923574587199,24.48577910646867,37.3564,240,240,2.30125412380095,-0.8854403861055495,-1.2792522593490188,-12.873342767249508
216,2.356194490192345,-1.4388739790367175,20.122424971218827,34.8008,240,240,2.329053650620817,-1.4146245815942824,19.234534981967496,1.9785020748036652
217,2.356194490192345,-1.923611908008585,22.66624286135878,30.8945,240,240,2.328858613694666,-1.896217277596674,28.617068910429367,7.231526266412219
218,2.356194490192345,-2.546408107890162,29.497146318683694,28.3409,240,240,2.319270710941981,-2.509303044027474,36.221612764153,9.498487415984197
219,2.356194490192345,2.9114955354069316,-117.56781735420962,30.4604,240,240,2.695115153917844,2.6324129789021824,71.20562776511329,98.41920586663875
220,2.356194490192345,2.224272142434206,-8.49122940672969,37.2194,240,240,2.295231257808189,2.2801413449791275,-61.33344540235401,-31.446975377352388
221,2.356194490192345,1.736466251886572,-2.0235657438363712,35.7186,240,240,2.3218517928363958,1.7550453637383825,-49.394865504953216,-28.871341933206324
222,2.356194490192345,1.3314953238847416,-1.4145700769790233,20.5676,240,240,2.33276075045588,1.343405261105323,-35.32462298654448,-21.542343225699064
223,2.356194490192345,0.9050486648525471,1.8039065042259455,27.4534,240,240,2.331990145456884,0.9198929309314318,-25.51687204622856,-17.524765111132552
224,2.356194490192345,0.19634954084934364,11.859384838763699,17.3156,240,240,2.31489632130009,0.22738507430733174,-17.29994241483269,-17.280987243952723
225,2.356194490192345,-0.69949523927583,21.74290941604995,31.8504,240,240,2.3043693813443102,-0.6576660338010024,-3.753492112575572,-13.46030411888218
226,2.356194490192345,-1.1658253987930998,17.462232108701958,42.5134,240,240,2.3316724563850006,-1.1443473006243714,15.461658865831339,0.5751461864808416
227,2.356194490192345,-1.5278448647340888,17.650958772647932,19.2668,240,240,2.336555177601728,-1.5077082976330538,24.397723855530423,6.587421647614604
228,2.356194490192345,-1.929747831160153,21.10016332152156,18.5185,240,240,2.332816585243717,-1.9050563844334616,30.020777111545502,9.130835111112814
229,2.356194490192345,-2.432893529586618,26.502403890245777,18.2828,240,240,2.325980664411741,-2.401346020191526,36.12966249518799,11.085984794490757
230,2.356194490192345,-3.089437306801681,33.909039520147374,20.0064,240,240,2.316242211459374,-3.0483785571818327,44.07553872595645,13.259932909260225
231,2.356194490192345,2.5433401463143746,-118.0905029670834,22.3092,240,240,2.7051889160004725,2.257228896021376,80.62364109388712,105.37511105244818
232,2.356194490192345,2.0647381404940965,-11.314908132266279,16.1731,240,240,2.306750643877918,2.11231455019169,-55.14416604104329,-25.424909812981806
233,2.356194490192345,1.6996507129772844,-4.16296299712398,24.8203,240,240,2.3277881993662497,1.7140014155170655,-47.668446425213055,-25.967345896087217
234,2.356194490192345,1.3989904785516778,-3.853401228003133,34.3101,240,240,2.337887097140674,1.4066916826189921,-35.924979250878266,-20.07159010795488
235,2.356194490192345,1.119805975156492,-2.4428468881159886,34.267,240,240,2.3400391592580765,1.1275914231561472,-27.676836568946594,-16.35822126046135
236,2.356194490192345,0.8160777791551759,0.1321455143045245,30.809,240,240,2.3389189642371337,0.8261984174407642,-21.002201408571178,-13.830511615976928
237,2.356194490192345,0.3742913122440932,5.732698268991047,22.0842,240,240,2.3307410978235845,0.3925353181923505,-14.845281348452676,-12.775938031841859
238,2.356194490192345,-0.2975922728498013,14.652791434027385,22.7721,240,240,2.317077072038077,-0.2664898492641333,-6.765377570616403,-11.892037581592643
239,2.356194490192345,-0.7731263170943699,14.687704357929961,38.765,240,240,2.330022008426769,-0.7511620812278659,7.144464282913153,-3.1968891012713216
240,2.356194490192345,-1.0707185899441534,13.344265868801637,47.6453,240,240,2.340372476604357,-1.0552984194598163,16.808854879072854,3.7660160445248403
241,2.356194490192345,-1.3100195928543208,13.812553580378387,21.8373,240,240,2.342832801135585,-1.2952473021300859,21.9790294923206,7.2532653342942055
242,2.356194490192345,-1.570796326794909,15.977596553810518,34.2281,240,240,2.3406810804420655,-1.5533764062271067,25.5099705595473,8.961220020735642
243,2.356194490192345,-1.874524522796282,18.87435465704073,21.8236,240,240,2.3375649417068662,-1.8537944731444356,29.398578223433663,10.520678127246356
244,2.356194490192345,-2.248815835040336,22.81469901903625,19.0154,240,240,2.3329055098164337,-2.2233672136184106,34.06018024612324,12.083711415602265
245,2.356194490192345,-2.727417840860671,28.08223277590117,33.3921,240,240,2.3262651072041955,-2.6953894514634906,40.01559314127938,13.846359881525203
246,2.356194490192345,3.00046642110431,-123.15474832973513,37.3329,240,240,2.7100600952283367,2.709241275467348,73.09922219399841,103.30706985239289
247,2.356194490192345,2.50959256898091,-14.298205548091326,41.808,240,240,2.305372861504899,2.55683602248605,-64.604878276152,-29.851071352944054
248,2.356194490192345,2.135301256736799,-7.0171007739216655,28.7079,240,240,2.327211969029899,2.1484640332884886,-56.466478658784865,-30.25001035134803
249,2.356194490192345,1.8469128686143144,-7.192586722803655,19.1775,240,240,2.3389017221339046,1.8522016749188022,-44.04326634894136,-23.86498333028859
250,2.356194490192345,1.6229516735830352,-6.940035359491316,23.3781,240,240,2.343765895782521,1.6261122995351363,-35.57489347530369,-19.58945493467094
251,2.356194490192345,1.4511458253398395,-6.722787032343401,30.3163,240,240,2.347320070620865,1.452656657115731,-29.448331836829485,-16.41679351631032
252,2.356194490192345,1.316155516005896,-6.484647696224781,41.7293,240,240,2.349754104992554,1.3165899624772237,-25.015491836557143,-14.083273715890313
253,2.356194490192345,1.221048707156971,-6.566389370224545,38.5451,240,240,2.3522717785178773,1.2200683075145187,-21.705484454938603,-12.155487232925585
254,2.356194490192345,1.162757437217298,-6.831890786016359,23.8023,240,240,2.3544939853918754,1.1604152267053196,-19.455782912131127,-10.694404241384113
255,2.356194490192345,1.1443496677627003,-7.435162552100688,20.2898,240,240,2.3568354699504535,1.1403662486525332,-18.064920869961888,-9.549896453616656
256,2.356194490192345,1.1658253987930642,-8.390571463418722,21.318,240,240,2.3591179268318765,1.1600945674084495,-17.54133655404201,-8.781342151204178
257,2.356194490192345,1.2302525918842697,-9.60159915123737,38.0894,240,240,2.3615893692107908,1.2224543715837046,-17.888026537232335,-8.407690392433338
258,2.356194490192345,1.33763124703626,-11.167726341075161,34.6755,240,240,2.3640610705608154,1.3276159299056152,-19.02158509018641,-8.37697934339635
259,2.356194490192345,1.4848934026733254,-12.974633494768408,33.2342,240,240,2.366346290603598,1.4726721909944058,-20.985568599516014,-8.789226646770054
260,2.356194490192345,1.6751070203711187,-15.067317601335786,26.8563,240,240,2.36887479735493,1.660328649479851,-23.68065674715376,-9.542401643456046
261,2.356194490192345,1.9174759848570524,-17.74986277433298,17.8379,240,240,2.37200119979187,1.8995053211701762,-27.051067219536115,-10.500358063325015
262,2.356194490192345,2.26415564291921,-22.089486125548735,19.4224,240,240,2.3783600728934013,2.2401170263612493,-31.160354437085424,-11.215767427552434
263,2.350058567040802,2.8746799964976653,-31.191592922806066,18.3138,240,240,2.388519029481575,2.836007273797163,-36.637678205790266,-10.637158909850825
264,2.304039143404233,-2.555611992617475,114.74597362478494,31.1066,240,240,1.969329260980523,-2.2798529767538205,-72.69912050470313,-99.04934398348999
265,2.356194490192345,-2.098485717827561,12.101525934954825,40.2161,240,240,2.4018139437629102,-2.142165139766483,58.05731512620464,26.780295736924078
266,2.356194490192345,-1.803961406553487,6.503965716310372,27.5744,240,240,2.3796811671581706,-1.8136565710273753,50.25951040374398,26.584448770206095
267,2.356194490192345,-1.583068173097974,6.907184612898154,21.2888,240,240,2.36927857805029,-1.5857967623805105,39.58646662739655,21.160276075073426
268,2.356194490192345,-1.4112623248547784,6.714796941799819,19.4043,240,240,2.365360098587384,-1.4123694774715974,32.51020581731696,17.738664292784286
269,2.356194490192345,-1.2793399770966012,6.562684533910176,33.1896,240,240,2.362473863403513,-1.279139934963254,27.375721984623077,15.20415984912136
270,2.356194490192345,-1.196505014550798,6.872436190083003,21.5831,240,240,2.3591758820779427,-1.1943384709137952,23.57913496259805,13.068124753650029
271,2.356194490192345,-1.1566215140657796,7.411609339468864,32.4345,240,240,2.356439005761019,-1.1527241743564351,21.136470743640928,11.524896941658309
272,2.356194490192345,-1.1658253987930784,8.399136721521662,20.9562,240,240,2.353424920034163,-1.159732973741509,19.78503958336417,10.368014127137801
273,2.356194490192345,-1.221048707156985,9.645184922786337,16.4761,240,240,2.350674132248247,-1.2127843772073215,19.572100661681702,9.743512718087157
274,2.356194490192345,-1.3161555160058533,11.066728730330114,22.1647,240,240,2.348329108321196,-1.3058671344656887,20.35992572452357,9.641620381759811
275,2.356194490192345,-1.4511458253397969,12.73846232369203,26.9529,240,240,2.3459692252953372,-1.438652238447796,21.95342211959973,9.921079000325731
276,2.356194490192345,-1.629087596734525,14.805038528074189,35.0696,240,240,2.3434071020945417,-1.6140769787178055,24.27324419354607,10.501478180067938
277,2.356194490192345,-1.8561167533416274,17.31421767639009,37.1061,240,240,2.340448729138188,-1.838115297793097,27.382419453221114,11.403257680759813
278,2.356194490192345,-2.144505141464112,20.436577764947586,24.7022,240,240,2.3367073042724344,-2.1227007080432623,31.336143201569666,12.573664166608214
279,2.356194490192345,-2.528000338435522,24.898362195138418,18.1163,240,240,2.3308879029944114,-2.50046804406918,36.23002771250802,13.781041433519883
280,2.356194490192345,-3.046485844740875,31.014781792848332,18.8795,240,240,2.32266758683655,-3.010966628507169,42.74613815612008,15.295491164724856
281,2.356194490192345,2.696738225102937,-121.27704155175216,41.0782,240,240,2.710171424745728,2.406010049878473,77.21904556293715,105.9399839877182
282,2.356194490192345,2.3040391434042284,-14.63689716417462,34.4399,240,240,2.3105817635889885,2.3476302843314936,-60.153536998256484,-26.09666623361586
283,2.356194490192345,2.01871871685751,-7.919274709552783,32.5633,240,240,2.331618332353853,2.028828315929688,-53.77446062852482,-27.405398545860876
284,2.356194490192345,1.8100973297050622,-8.444177049117236,26.3846,240,240,2.3427759196323255,1.81246780979464,-43.000037585985126,-21.972356181907944
285,2.356194490192345,1.653631289340698,-8.436355880737079,17.0333,240,240,2.3470186430377264,1.6541201907770704,-35.926942962059506,-18.55679161203263
286,2.356194490192345,1.549320595764474,-8.68467877798127,23.5892,240,240,2.3507255453158242,1.5477977116384418,-30.88665176615733,-15.963219348304428
287,2.356194490192345,1.4879613642490916,-9.074950259735065,39.4397,240,240,2.353662058436142,1.4847401887942986,-27.511043316678727,-14.117610231838242
288,2.356194490192345,1.4726215563702034,-9.811163772763699,23.2727,240,240,2.3566557674459667,1.467380465140264,-25.38415261060888,-12.733874190962556
289,2.356194490192345,1.503301172127923,-10.88500900300651,30.2422,240,240,2.3595332100895345,1.4959206015384068,-24.408509209216113,-11.81390933324543
290,2.356194490192345,1.5769322499464273,-12.207543595918668,20.9347,240,240,2.3621430843479843,1.5674354121677818,-24.511639053460236,-11.396091301859666
291,2.356194490192345,1.6996507129773057,-13.982067434339319,17.3621,240,240,2.3651069984477298,1.6875526558081824,-25.520559890640165,-11.313960203756718
292,2.356194490192345,1.8683885996447351,-16.03439757664358,44.6084,240,240,2.3678577076927425,1.8536998879873878,-27.5323265886321,-11.73020992501499
293,2.356194490192345,2.1076896025548457,-19.012740270142846,35.3137,240,240,2.372146332515009,2.088934919957712,-30.33911090556472,-12.24072884037445
294,2.356194490192345,2.4574372221927696,-23.477025226606866,35.3406,240,240,2.3788581031671163,2.4323882439672655,-34.315359598777356,-12.822641708250497
295,2.2886993355253766,3.0526217678924503,-32.27069293358035,27.914,240,240,2.328290012599721,3.0129039497328405,-40.59264473836475,-12.528424099209603
296,2.1874566035249243,-2.5709518004963066,118.14602556585446,17.4059,240,240,1.8425252631124724,-2.2867870488377697,-77.64368258370568,-103.3699465788077
297,2.2610876813434353,-2.1843886419491305,14.185682780156892,33.0807,240,240,2.302205656216394,-2.225003446750377,57.75260580796017,25.657853159620274
298,2.356194490192345,-1.932815792735898,8.432352514653244,34.8972,240,240,2.374593642646559,-1.938883505875675,52.827415267910546,26.760039451987268
299,2.356194490192345,-1.7518060597654035,8.863482348377353,35.8974,240,240,2.3673293880098996,-1.7523787087678715,42.96234969151784,21.956397775792077
300,2.356194490192345,-1.6229516735829925,9.032847579824447,27.312,240,240,2.3631886809943112,-1.6215685405393165,36.356091868066905,18.820355002756365
301,2.356194490192345,-1.5401167110371894,9.29280930135435,16.4579,240,240,2.359785082056996,-1.53689389080388,31.783307960441554,16.565816087534028
302,2.356194490192345,-1.5033011721279372,9.88891240362061,16.2287,240,240,2.35657495103833,-1.4980758463632116,28.691662298644697,14.849689562009235
303,2.356194490192345,-1.5155730184310023,10.891086288096153,25.2518,240,240,2.3533527066018065,-1.5080790583624293,26.901797673461864,13.603946812932321
304,2.356194490192345,-1.570796326794909,12.093436801132206,36.6105,240,240,2.350637292152396,-1.561231030309974,26.377140950755255,12.956679156241274
305,2.356194490192345,-1.6720390587953666,13.652437830014202,34.4094,240,240,2.3477817739331988,-1.6600711192075035,26.86012165697321,12.714723617002067
306,2.356194490192345,-1.8193012144323752,15.558215487147544,24.8555,240,240,2.3449652064056425,-1.8047836825838366,28.32303392805107,12.905427430525451
307,2.356194490192345,-2.0217866784332905,17.98129443038907,19.7806,240,240,2.341588447582692,-2.0040698727462116,30.695292182946613,13.415747483235279
308,2.356194490192345,-2.2917672971011207,21.118108043612278,19.9329,240,240,2.3374728735685855,-2.2700535709375074,34.0619858868097,14.234369897447866
309,2.356194490192345,-2.6629906477694654,25.607143703490863,32.4207,240,240,2.3312982088178233,-2.6353394795936675,38.56200866951298,15.187895109274113
310,2.356194490192345,3.1109130378320664,-124.86078091634367,32.6957,240,240,2.7115373603237956,2.8180454433022017,69.84600309325799,102.9426103352159
311,2.356194490192345,2.6323110320117884,-15.402645610017256,33.9019,240,240,2.3051799917806974,2.6790880079367456,-68.40325092974673,-31.053073831545014
312,2.356194490192345,2.297903220252696,-8.871233662582528,29.142,240,240,2.329087136547929,2.308806609611757,-59.90938911257885,-31.089298538083476
313,2.356194490192345,2.0616701789182947,-9.669978925482813,23.7221,240,240,2.341639638237007,2.0639860181173053,-47.8187780784602,-24.78167835318064
314,2.356194490192345,1.8929322922508653,-9.862270033056424,40.0583,240,240,2.346766204391317,1.8928091271191687,-40.06251485936108,-20.87499180363994
315,2.356194490192345,1.7763497523715763,-10.047532100602245,20.5947,240,240,2.3504209257421267,1.77435412129066,-34.753016386526625,-18.152590350499164
316,2.356194490192345,1.7088545977046046,-10.47165764616001,42.2154,240,240,2.3537294394679225,1.7048912805311944,-31.122784751677298,-16.122498425652186
317,2.356194490192345,1.69044682824995,-11.253737684555619,22.0081,240,240,2.3568859670984623,1.6843649766128757,-28.848939059058353,-14.614881105566637
318,2.356194490192345,1.7149905208561371,-12.268463595513083,28.2275,240,240,2.3595394436400996,1.7069784986793044,-27.832032234053212,-13.700152591161457
319,2.356194490192345,1.7855536370988752,-13.595290343999721,18.7725,240,240,2.3623432095484853,1.7752699932956018,-27.847625426614776,-13.217657340970947
320,2.356194490192345,1.9052041385539873,-15.358395642763755,41.0066,240,240,2.3653019010804965,1.892338047190816,-28.80634302284448,-13.103252260268867
321,2.356194490192345,2.0800779483729492,-17.606498445616598,29.0502,240,240,2.368612722760439,2.064155870956931,-30.741283946762707,-13.3717400007988
322,2.356194490192345,2.334718759161948,-20.862362198575493,34.1294,240,240,2.3734324714385737,2.314282477043962,-33.63702164840113,-13.798480735212603
323,2.313243028131547,2.721281917709124,-26.113312154930295,26.2045,240,240,2.339729808578052,2.6927157098294985,-38.32718752018122,-14.232754677214391
324,2.1598449493429825,-2.9912625363770253,122.80735677590043,17.0108,240,240,1.811880664579319,-2.7033982833949937,-71.59394473344588,-101.64817099102484
325,2.067806102069844,-2.5157284921324568,14.562066749890901,17.3831,240,240,2.1196708370785178,-2.56286635739455,64.18204021157342,30.59975297187266
326,2.0800779483729293,-2.21506825770685,9.13558113170458,28.3956,240,240,2.1029046273998686,-2.223159014167564,56.1734154076425,30.050432121696126
327,2.138369218312584,-2.012582793705935,10.328787987233824,39.342,240,240,2.1476427301402348,-2.011478513255623,46.03969617768488,24.189135823492794
